agentId,clientAddress,feedbackIndex,blockNumber,txHash
2205,0xed7eFE34D25a0B219de1b25AC99EB35E48CC1379,1,47240908,0xb755ab225c29fd842c91df221be38e67669b27823a86a10cad8f5422cd0d0742
2205,0xed7eFE34D25a0B219de1b25AC99EB35E48CC1379,2,47240911,0x326ffb9a9c153d29aebb1de649304ae8907224695a7b527162a568d1131684cd
2205,0xed7eFE34D25a0B219de1b25AC99EB35E48CC1379,3,47240913,0x76b112ad9ea82f0f80f3615144b7be1d3733b2e95bc6e8fb7d4619034ddd99d1
2205,0xed7eFE34D25a0B219de1b25AC99EB35E48CC1379,4,47240916,0xa9a607b2755a302014dc7483aac1786ca5fd5232f76045c1f64833b86f5bce8a
2205,0xed7eFE34D25a0B219de1b25AC99EB35E48CC1379,5,47240918,0x30ca05cd6b8b9233d66ab9c2e999dda65ec92c024c2aa9d18bf1a3840cbe1ed8
2205,0xed7eFE34D25a0B219de1b25AC99EB35E48CC1379,6,47240921,0xc3b1efa1e4fa29349820fc324f42a4abe538157503f435bc37d87577635a2e9a
2205,0xed7eFE34D25a0B219de1b25AC99EB35E48CC1379,7,47240923,0xb3abf223ebc358007882ba0c35154466ec11fb0bf3ca1968b777203fb30b11bc
2205,0xed7eFE34D25a0B219de1b25AC99EB35E48CC1379,8,47240925,0x3306cea4a0263654e8d9357beb34745df06cb1b82824b3c336ada628e7153273
2205,0xed7eFE34D25a0B219de1b25AC99EB35E48CC1379,9,47240928,0xb707292a7f6594324b514f8b411386038d416e07fecf135c5c8224ef3c1ccf92
2205,0xed7eFE34D25a0B219de1b25AC99EB35E48CC1379,10,47240930,0x5b8442464e923bbfe7c3971c434b4d5ff19e6e80e7f5c48b88dba385289e2af2
2205,0xed7eFE34D25a0B219de1b25AC99EB35E48CC1379,11,47240932,0xbd1c3bcc803845c2d27f429e3c11294bc969db3906f473f9950395c65cbd62a1
2205,0xed7eFE34D25a0B219de1b25AC99EB35E48CC1379,12,47240935,0x7603a18560596bcfc01e4116d2a90bda9daae5e06aff1ff939790397652ccb7f
2205,0xed7eFE34D25a0B219de1b25AC99EB35E48CC1379,13,47240937,0xdadec239a1cdf28db2d457770cca6c067b7a5425da04c27c710361b0f225130c
2205,0xed7eFE34D25a0B219de1b25AC99EB35E48CC1379,14,47240939,0x3111553142bed011c19fd627fc6b52c2d23455b1da22289ebb6505e82aa75876
2205,0xed7eFE34D25a0B219de1b25AC99EB35E48CC1379,15,47240941,0x0c3acc69532a3d69d0e375b152f3ebfce3c492f7f1d9ae2aed342e1a395c237a
2205,0xed7eFE34D25a0B219de1b25AC99EB35E48CC1379,16,47240944,0x998b104e9b8da7b3715c3b720cd28c5168f6fd0565b4c90a439720ea6514ff5d
2205,0xed7eFE34D25a0B219de1b25AC99EB35E48CC1379,17,47240947,0x67277694f2417d3bd61d30f367a2f9679a131b503bfa2ea1b6ba4eec36460cb7
2205,0xed7eFE34D25a0B219de1b25AC99EB35E48CC1379,18,47240949,0xc89ece69ddf9a8c40246163c2bf4f3210f0a128a575b721b082dc9e51a35c65d
2205,0xed7eFE34D25a0B219de1b25AC99EB35E48CC1379,19,47240952,0x279071b7097995ad0c6f9892c0b48468b9adadf624cb5ce52f7a2b41eb85d059
2205,0xed7eFE34D25a0B219de1b25AC99EB35E48CC1379,20,47240955,0x10e17e2bfddc6937061b48e3e04f3134695a341a18cd7ec22d490e4217076b91
2205,0xed7eFE34D25a0B219de1b25AC99EB35E48CC1379,21,47240957,0xd2c9f7cdc5c55189b4d075ca9ad609a23031a97503b864fc7dc4f94fa25c562d
2205,0xed7eFE34D25a0B219de1b25AC99EB35E48CC1379,22,47240959,0x10c793760f792db3190c1cc2e15db0794d3fefd0690608ccf76222cb501f62b2
2205,0xed7eFE34D25a0B219de1b25AC99EB35E48CC1379,23,47240961,0xe32e4ac3a56674c69107f391114f10882d319c3d7397ec2511a22546d7e2f82b
2205,0xed7eFE34D25a0B219de1b25AC99EB35E48CC1379,24,47240963,0x4d160456a9fe860ebff3749305d4061bd17869b7cc032fe91239bd15fded7013
2205,0xed7eFE34D25a0B219de1b25AC99EB35E48CC1379,25,47240965,0xcbbcd172913223b7757ac906f79587b991811670345ca013e9c6ae29beb34272
2205,0xed7eFE34D25a0B219de1b25AC99EB35E48CC1379,26,47240968,0x8c20a68e6a46dc013cd2499b4c59157be46142d17ef052b3b13ed60517efa58e
2205,0xed7eFE34D25a0B219de1b25AC99EB35E48CC1379,27,47240970,0x0e58942abe053ec927dd62e5cde92f644acda944e763ac7f342ea0603757467d
2205,0xed7eFE34D25a0B219de1b25AC99EB35E48CC1379,28,47240972,0xc62d3cc1562f383685c46b7f3d3c56bdd4b746be90885197aedab6add68087c4
2205,0xed7eFE34D25a0B219de1b25AC99EB35E48CC1379,29,47240974,0x5ebcbcd0558187f1905c8999cf4ea55a81f098adadbafe3db6c1b1772264e280
2205,0xed7eFE34D25a0B219de1b25AC99EB35E48CC1379,30,47240976,0x8e5853f43c3a69228a8563a64e9b42ea62836226dfc7ba713c1a24f5bb726308
2205,0xed7eFE34D25a0B219de1b25AC99EB35E48CC1379,31,47240978,0xc6f76def59a2f4c4f83766dd895c547e6cd6c5cdda4dc744450c3b6e95ed9996
2205,0xed7eFE34D25a0B219de1b25AC99EB35E48CC1379,32,47240980,0x5c1cb78a8771e9f4f3ea42839f176f701b74b566b45964bde0acc1fb5220b2dc
2205,0xed7eFE34D25a0B219de1b25AC99EB35E48CC1379,33,47240982,0xacec956b7aa699c3cbdad2e05efd48d7a79d9dcc8e4467dc5430e19ce7e15610
2205,0xed7eFE34D25a0B219de1b25AC99EB35E48CC1379,34,47240984,0x29646c61cffefd297188654f863b63e203c0739a0ff430dce2e816aa1426ecc0
2205,0xed7eFE34D25a0B219de1b25AC99EB35E48CC1379,35,47240986,0xf49e440709d3c0297f02fada5e7f8d446ab8d9337a1fdad714efe73051deed35
2205,0xed7eFE34D25a0B219de1b25AC99EB35E48CC1379,36,47240988,0x4c7f0adb578d627b29541981f75aa6d8364cff44db6d541b69c7677a673528c9
2205,0xed7eFE34D25a0B219de1b25AC99EB35E48CC1379,37,47240991,0x8774242678d1f086dc3be57d0c74c5973ad3efabe5ff09dce2553f0f5013df1b
2205,0xed7eFE34D25a0B219de1b25AC99EB35E48CC1379,38,47240994,0xccaa29b84652d11c8867fd48847ac8b014e682cdd01d85f03773b0e004c7eb79
2205,0xed7eFE34D25a0B219de1b25AC99EB35E48CC1379,39,47240996,0xef403b94f750f962c5d4ea40fd8ff4b0383f6922b3e0ede9a1884e89c35da630
2205,0xed7eFE34D25a0B219de1b25AC99EB35E48CC1379,40,47240998,0xa4c3cd53a00b10ff9cbfc9dc3d029c8c057a464dacd49e04348be747dda3e37c
2205,0xed7eFE34D25a0B219de1b25AC99EB35E48CC1379,41,47241000,0x388df459531df97f83fe6c9d3ad57275dde41ef058e635d0d1c9290784076fbf
2205,0xed7eFE34D25a0B219de1b25AC99EB35E48CC1379,42,47241002,0x577e471c3c7581e0bd7cd624287781a7d1eed62a3c567c0608e0067d0fe113d1
2205,0xed7eFE34D25a0B219de1b25AC99EB35E48CC1379,43,47241005,0x6661da661e39ffb9739d231783232cd616418a4ea89be8af81e809261e64f95e
2205,0xed7eFE34D25a0B219de1b25AC99EB35E48CC1379,44,47241007,0xf86a2cb6a6521ceeabddc002f34a6521fe30365426aaee41961b6213e802abd4
2205,0xed7eFE34D25a0B219de1b25AC99EB35E48CC1379,45,47241010,0x9dc66c1d88ca391e8d82eeeaf2ecde56a99156609d6668ba656c539af1118882
2205,0xed7eFE34D25a0B219de1b25AC99EB35E48CC1379,46,47241013,0x625ff585572ff3004763666b1fa3f562b066fdeb7ee4f357efd431e3558e545d
2205,0xed7eFE34D25a0B219de1b25AC99EB35E48CC1379,47,47241016,0xef53806cef05527cd8f2f7b598bdaefe30dde6f1083d8f78195ef446384d5e3c
2205,0xed7eFE34D25a0B219de1b25AC99EB35E48CC1379,48,47241018,0x0a31538f94b260c01a122cb72e8aeb1a6a530cee8fec00cf01ff3ec877d280dc
2205,0xed7eFE34D25a0B219de1b25AC99EB35E48CC1379,49,47241020,0xc04860c1661cd0a959a240fdf3858ba0597df32a5a497cf561d310be102cfa5a
2205,0xed7eFE34D25a0B219de1b25AC99EB35E48CC1379,50,47241022,0xbf9db030fef685fe6e7a4f5e81a1485ffbf1284157d617d1bba48231b4cfc318
2205,0xed7eFE34D25a0B219de1b25AC99EB35E48CC1379,51,47241024,0x3ef08015f3584a7cf46c64f2514eb27e196e2eb3faa5d3ce713ef24b75637d43
2205,0xed7eFE34D25a0B219de1b25AC99EB35E48CC1379,52,47241026,0xbc9e811bb813711034b83fee7166f4934a2319f79eccdbee1ce602923fe33d3c
2205,0xed7eFE34D25a0B219de1b25AC99EB35E48CC1379,53,47241028,0x95d1704b2ad8b7ff531a0aead52bca4f906415e69a0ac399cd574cc6a731a35d
2205,0xed7eFE34D25a0B219de1b25AC99EB35E48CC1379,54,47241030,0x69b39747afd536737366b5d3df42d8f52cad0db2a4a1ffec7c0c0370c775225b
2205,0xed7eFE34D25a0B219de1b25AC99EB35E48CC1379,55,47241033,0x4db2dace0754dd32ceae8e2210557b2da8ba6c3e8a61679d409cc8507dde2e51
2205,0xed7eFE34D25a0B219de1b25AC99EB35E48CC1379,56,47241035,0x4bd3305305fe4636c79b7879634d2ab296e1d6ef5733fb43953e7631c4d8ad6c
2205,0xed7eFE34D25a0B219de1b25AC99EB35E48CC1379,57,47241037,0xaaaca0a6da7fa35e99cc6ef060d20190b81aa1e55bd7cafbd819443cccd32b81
2205,0xed7eFE34D25a0B219de1b25AC99EB35E48CC1379,58,47241039,0x3094776817502602a511fdb265c4feaf425b287f360f203f78aadaa37fd9495a
2205,0xed7eFE34D25a0B219de1b25AC99EB35E48CC1379,59,47241041,0xa399edf366b2061f0a8c1b3bd2c0fba18e6e7a6ae35e42dd8f110ec9833d0ace
2205,0xed7eFE34D25a0B219de1b25AC99EB35E48CC1379,60,47241043,0x80416374fe5805f5d563d9086db306faa0169bf012719baf1b15ba450479ad40
2205,0xed7eFE34D25a0B219de1b25AC99EB35E48CC1379,61,47241045,0x9b52628ac36612fe8dbd822f43a07cf98b868c86664fd19ef57f1cc41fc67ebe
2205,0xed7eFE34D25a0B219de1b25AC99EB35E48CC1379,62,47241047,0x0f1462e69da26369e2bb946c4b36cd7f1413c5c2199db932279c14ec79e7d113
2205,0xed7eFE34D25a0B219de1b25AC99EB35E48CC1379,63,47241050,0xef643cfe84bfd075b1e5228576b96464fc5b86fdb51374380eb3e00a7909a5f5
2205,0xed7eFE34D25a0B219de1b25AC99EB35E48CC1379,64,47241052,0x35b87b01f35a171c1b21cda5da651ba730b26d5fbb40ef2ef73a5824bb0d33d9
2205,0xed7eFE34D25a0B219de1b25AC99EB35E48CC1379,65,47241055,0x1325ceb5697e7f3ee88fe8edeead543c1a789a20d7adee6004151da7b0fe0deb
2205,0xed7eFE34D25a0B219de1b25AC99EB35E48CC1379,66,47241058,0x7eb1fd10b17f865f005a09b98fe04d25c70c39632fe36db87709e45b8f18cdaf
2205,0xed7eFE34D25a0B219de1b25AC99EB35E48CC1379,67,47241060,0x633546fb56c96507afab2f07e1128cb18e2e5d1ced7c4e4004c31282d2b1a3be
2340,0x8025E2a423b7D53cfDca326157CC2220Bf909109,1,41848743,0x650a52b049502a852c2eb2292b345e9b7fc18ed57bf28701579f015ced6936b7
2340,0x20A83c6C516fa8528CC041BdC3F9E997c38A24A8,1,41848744,0x94f83601bef42651f78a57f94b38bc2fc8c2d221f212ecbfc64f2a259bd93037
2340,0xc6Cd92aF3513093822dcC628392f9D93750a7808,1,41848745,0x198df17efe63ec3c401e3a53e30d6a436f4aebbb5b70693a4f75053d7f2f084e
2340,0xE9F6bb61a9584F5102891ddf1977c3E9a78E076c,1,41848746,0x7dc51842ac95b3cc128f0ee33e8edf6d08da678e28c9910b657ac2d7b7f16b4a
2340,0xe77db878a176aC7FeDC3392c596be554A33025d0,1,41848747,0xa6e132332d9984872a563b594dfdd56a54607b787050dec00151286d178c83dd
2340,0x6b45E108F4f1f38Ff4b58709FF58842e6aA5F106,1,41848747,0x8c3dcb7755608929fb944d6df1c1bce518febff323b1e1c2e765c42fb4494d01
2340,0x70d42e2Fc6168F48eCDC5A58fEa5E036507Ac0c4,1,41848748,0xa230d3b2c886e5c00cab279083a2beea7f5bdfed7a992b8a1614f55cceff4bcd
2340,0xF1cC89e60004471995d58CD05Ec9a30Dc7877FC0,1,41848749,0x8ce99cfa5156d77868139ee1a178c301a546cdcef81ffa3825734fb9f62ddcc0
2340,0x9D51B4a81761Ee89841a22E6f3f08149B7e681ED,1,41848750,0x27e4210e3481ae1ccfe737c20e1baf5a5730a83a207b486d54e84e5b4ce2f002
2340,0x3372A45883c0f79b3b8283fdC187085886a6Ae27,1,41848750,0x4b9246acdf3ae71c4e2d17205a602a56fee9f3ecf640003271d72a0826a3f26f
2340,0x278e9C72EE5EE52CF707ce683BaE52267C9479C0,1,41848751,0xe0a32bd887f43f59ac54feb28ce8bccca80e32907f27ce0d710d5ce823c2e0ee
2340,0x724d568A153a2e61308a515bCA982653526C98FC,1,41848752,0xad900226739e56267adec8ff0e918ba5960243f9b61d048251c7df46ee388e9c
2340,0xa4FBA2c828AE39b7ecacd0049E6F3b2e0984B6ac,1,41848753,0xc62d6deb5b30d3c38257e78ef6d8e3aa80e6e4c7e7a45ce85fe2cb71e03f77ed
2340,0xd9bCBA3A8f924E37ebA022A8ceF5670cD072Aba3,1,41848754,0xe5546c0d618a9d3f86e920ace1648dae1dab9b1cc2169cc190850748b794bccc
2340,0xBd516ceC6Dd7e234530E335F033C3C415D27B594,1,41848754,0x5a045ffdccf7b00e4c9d6d5236a6c72709d4be68d604a6b4903de1ec532961f6
